{
  "total_value": 85273.32000000007,
  "cash": 20.04,
  "direct_positions": 280,
  "mirrors": 2,
  "aggregated": {
    "AAPL": {
      "shares": 5.645164,
      "value": 1756.78,
      "pnl": 1316.68,
      "initial": 500.0,
      "avg_cost": 88.57138605716325
    },
    "MSFT": {
      "shares": 3.251413,
      "value": 1389.33,
      "pnl": 135.42,
      "initial": 2250.0,
      "avg_cost": 438.1905883672668
    },
    "WMT": {
      "shares": 15.820106,
      "value": 1865.1899999999998,
      "pnl": 1094.23,
      "initial": 770.96,
      "avg_cost": 44.23665015312517
    },
    "TSLA": {
      "shares": 4.1288339999999994,
      "value": 1722.13,
      "pnl": 610.88,
      "initial": 1330.0,
      "avg_cost": 343.6489099456577
    },
    "NVDA": {
      "shares": 5.1265410000000005,
      "value": 1113.38,
      "pnl": 613.38,
      "initial": 600.0,
      "avg_cost": 94.29000919563315
    },
    "BIDU": {
      "shares": 13.363852999999999,
      "value": 1793.42,
      "pnl": 593.64,
      "initial": 1199.78,
      "avg_cost": 93.97003671409335
    },
    "SPOT": {
      "shares": 2.318557,
      "value": 1143.17,
      "pnl": 804.52,
      "initial": 500.0,
      "avg_cost": 143.75995537690986
    },
    "COST": {
      "shares": 2.489538,
      "value": 2421.6400000000003,
      "pnl": 1141.6399999999999,
      "initial": 1280.0,
      "avg_cost": 647.639870782893
    },
    "AMD": {
      "shares": 5.813206999999999,
      "value": 3012.98,
      "pnl": 2081.59,
      "initial": 1490.0,
      "avg_cost": 816.4761555637018
    },
    "APH": {
      "shares": 13.483734,
      "value": 1967.1399999999999,
      "pnl": 786.13,
      "initial": 1300.0,
      "avg_cost": 83.47000677463441
    },
    "MS": {
      "shares": 2.483854,
      "value": 538.85,
      "pnl": 38.85,
      "initial": 500.0,
      "avg_cost": 201.300076413509
    },
    "QQQ": {
      "shares": 5.136035000000001,
      "value": 3794.6399999999994,
      "pnl": 1407.46,
      "initial": 2387.19,
      "avg_cost": 503.50439055828565
    },
    "SHOP": {
      "shares": 15.606691,
      "value": 1808.82,
      "pnl": 562.6099999999999,
      "initial": 1300.0,
      "avg_cost": 45.19867983695932
    },
    "AVGO": {
      "shares": 3.074481,
      "value": 1283.6,
      "pnl": 83.6,
      "initial": 1200.0,
      "avg_cost": 336.29013890311325
    },
    "VTI": {
      "shares": 7.731377,
      "value": 2886.4400000000005,
      "pnl": 965.5999999999999,
      "initial": 1920.8400000000001,
      "avg_cost": 209.5697951245683
    },
    "VOO": {
      "shares": 25.066077999999994,
      "value": 17448.76,
      "pnl": 6363.39,
      "initial": 11085.380000000001,
      "avg_cost": 401.04041341537476
    },
    "ETH": {
      "shares": 1.4909160000000001,
      "value": 2649.3599999999997,
      "pnl": -3025.6299999999997,
      "initial": 5674.919999999999,
      "avg_cost": 2064.873417721519
    },
    "CEG": {
      "shares": 1.383918,
      "value": 366.74,
      "pnl": -163.26,
      "initial": 530.0,
      "avg_cost": 382.9700862065664
    },
    "BTC": {
      "shares": 0.063367,
      "value": 4036.33,
      "pnl": -2059.7,
      "initial": 6095.969999999999,
      "avg_cost": 118234.13480488764
    },
    "JMIA": {
      "shares": 84.070735,
      "value": 583.44,
      "pnl": -1266.3,
      "initial": 2440.0,
      "avg_cost": 46.630000875245116
    },
    "COIN": {
      "shares": 4.291449,
      "value": 701.65,
      "pnl": -478.34999999999997,
      "initial": 1180.0,
      "avg_cost": 257.8502508882941
    },
    "OSCR": {
      "shares": 64.265593,
      "value": 1516.0300000000002,
      "pnl": 429.66,
      "initial": 1299.37,
      "avg_cost": 28.37948111297287
    },
    "SNOW": {
      "shares": 7.442155,
      "value": 1816.86,
      "pnl": 866.8599999999999,
      "initial": 950.0,
      "avg_cost": 125.05000046112188
    },
    "SCCO": {
      "shares": 0.007379,
      "value": 1.43,
      "pnl": 1.43,
      "initial": 0.0,
      "avg_cost": 0
    },
    "OKLO": {
      "shares": 13.96783,
      "value": 933.05,
      "pnl": -836.95,
      "initial": 1770.0,
      "avg_cost": 124.68000875752382
    },
    "QLYS": {
      "shares": 2.204585,
      "value": 245.66,
      "pnl": -4.34,
      "initial": 250.0,
      "avg_cost": 113.40002766960676
    },
    "CORZ": {
      "shares": 14.614541,
      "value": 407.75,
      "pnl": 7.75,
      "initial": 400.0,
      "avg_cost": 27.370000877892778
    },
    "ESTC": {
      "shares": 12.158054,
      "value": 789.3,
      "pnl": -10.7,
      "initial": 800.0,
      "avg_cost": 65.80000384930023
    },
    "TE": {
      "shares": 44.923629,
      "value": 522.46,
      "pnl": 22.46,
      "initial": 500.0,
      "avg_cost": 11.130000205459805
    },
    "CRWD": {
      "shares": 3.7326840000000003,
      "value": 2680.07,
      "pnl": 1749.98,
      "initial": 1060.0,
      "avg_cost": 255.9400486030152
    },
    "DDOG": {
      "shares": 10.942793000000002,
      "value": 2667.85,
      "pnl": 1667.02,
      "initial": 1525.0,
      "avg_cost": 243.39522711695432
    },
    "SMH": {
      "shares": 1.286074,
      "value": 807.14,
      "pnl": 307.14,
      "initial": 500.0,
      "avg_cost": 388.7801168517519
    },
    "POET": {
      "shares": 41.017227,
      "value": 635.36,
      "pnl": 135.36,
      "initial": 500.0,
      "avg_cost": 12.190000069970601
    },
    "PLTR": {
      "shares": 4.678909,
      "value": 660.94,
      "pnl": 260.94,
      "initial": 400.0,
      "avg_cost": 85.49001487312533
    },
    "CRWV": {
      "shares": 6.681316000000001,
      "value": 718.98,
      "pnl": -101.02000000000001,
      "initial": 820.0,
      "avg_cost": 122.96003447565157
    },
    "BIVI": {
      "shares": 7.470294,
      "value": 12.7,
      "pnl": -239.8,
      "initial": 252.5,
      "avg_cost": 33.800543860790484
    },
    "ARKX": {
      "shares": 9.083402,
      "value": 330.0,
      "pnl": 0.0,
      "initial": 330.0,
      "avg_cost": 36.330000587885465
    },
    "CBRS": {
      "shares": 1.451777,
      "value": 312.52,
      "pnl": -145.24,
      "initial": 457.76,
      "avg_cost": 315.3101337188838
    },
    "TRX": {
      "shares": 4349.373533,
      "value": 1443.05,
      "pnl": 1017.6499999999999,
      "initial": 425.32000000000016,
      "avg_cost": 0.2855199488960671
    },
    "DASH": {
      "shares": 3.0291539999999997,
      "value": 106.35,
      "pnl": -449.65,
      "initial": 556.0,
      "avg_cost": 235.24983532511527
    },
    "HBAR": {
      "shares": 194.676483,
      "value": 16.56,
      "pnl": -38.44,
      "initial": 55.0,
      "avg_cost": 0.28252000011732287
    },
    "ADA": {
      "shares": 434.829194,
      "value": 79.92,
      "pnl": -846.9400000000003,
      "initial": 927.03,
      "avg_cost": 1.1802898604920757
    },
    "A": {
      "shares": 51.813114,
      "value": 3.52,
      "pnl": -296.48,
      "initial": 300.0,
      "avg_cost": 6.7899997698190075
    },
    "DOGE": {
      "shares": 6518.216366000001,
      "value": 578.87,
      "pnl": -1006.17,
      "initial": 1585.0500000000002,
      "avg_cost": 0.23896000019881472
    },
    "BNB": {
      "shares": 0.980232,
      "value": 594.0400000000001,
      "pnl": 54.04,
      "initial": 540.0,
      "avg_cost": 643.1399932010916
    },
    "SIDU": {
      "shares": 80.0,
      "value": 372.0,
      "pnl": -131.2,
      "initial": 503.2,
      "avg_cost": 6.29
    }
  },
  "last_synced": "2026-06-04T15:07:17.165847"
}